,,,,,,,,,,,,,,,,,,,,
,,,,,,,,,,,,,,,,,,,,
,,,,,,,,,,,,,,,,,,,,
,,,,,,,,,,,,,,,,,,,,
United Nations,,,,,,,,,,,,,,,,,,,,
Population Division,,,,,,,,,,,,,,,,,,,,
Department of Economic and Social Affairs,,,,,,,,,,,,,,,,,,,,
,,,,,,,,,,,,,,,,,,,,
World Population Prospects 2019,,,,,,,,,,,,,,,,,,,,
"File MORT/7-1: Life expectancy at birth (both sexes combined) by region, subregion and country, 1950-2100 (years)",,,,,,,,,,,,,,,,,,,,
"Estimates, 1950 - 2020",,,,,,,,,,,,,,,,,,,,
POP/DB/WPP/Rev.2019/MORT/F07-1,,,,,,,,,,,,,,,,,,,,
"ý August 2019 by United Nations, made available under a Creative Commons license CC BY 3.0 IGO: http://creativecommons.org/licenses/by/3.0/igo/",,,,,,,,,,,,,,,,,,,,
"Suggested citation: United Nations, Department of Economic and Social Affairs, Population Division (2019). World Population Prospects 2019, Online Edition. Rev. 1.",,,,,,,,,,,,,,,,,,,,
,,,,,,,,,,,,,,,,,,,,
,,,,,,,Life expectancy at birth for both sexes combined (years),,,,,,,,,,,,,
Index,Variant,"Region, subregion, country or area *",Notes,Country code,Type,Parent code,1950-1955,1955-1960,1960-1965,1965-1970,1970-1975,1975-1980,1980-1985,1985-1990,1990-1995,1995-2000,2000-2005,2005-2010,2010-2015,2015-2020
1,Estimates,WORLD,,900,World,0,46.96,49.37,51.18,55.43,58.09,60.27,62.07,63.71,64.56,65.63,67.05,68.92,70.88,72.28
2,Estimates,UN development groups,a,1803,Label/Separator,900,...,...,...,...,...,...,...,...,...,...,...,...,...,...
3,Estimates,More developed regions,b,901,Development Group,1803,64.83,67.73,69.49,70.33,71.13,72.02,72.86,73.95,74.16,74.80,75.60,76.93,78.43,79.24
4,Estimates,Less developed regions,c,902,Development Group,1803,41.67,44.08,46.18,51.51,54.81,57.41,59.52,61.35,62.48,63.72,65.25,67.14,69.14,70.70
5,Estimates,Least developed countries,d,941,Development Group,902,36.27,38.76,41.02,43.16,44.22,45.80,48.83,50.76,51.50,53.60,56.05,59.33,62.44,64.66
6,Estimates,"Less developed regions, excluding least developed countries",e,934,Development Group,902,42.47,44.87,46.94,52.79,56.51,59.38,61.39,63.20,64.50,65.67,67.07,68.71,70.51,71.95
7,Estimates,"Less developed regions, excluding China",,948,Development Group,1803,40.71,44.07,47.02,49.77,52.08,54.62,56.85,58.75,60.26,61.66,63.24,65.33,67.52,69.07
8,Estimates,Land-locked Developing Countries (LLDC),f,1636,Special other,1803,38.70,41.20,43.73,45.85,47.71,49.34,50.91,52.56,51.58,53.06,55.00,58.72,62.81,65.23
9,Estimates,Small Island Developing States (SIDS),g,1637,Special other,1803,49.10,52.68,55.58,58.10,60.30,61.88,63.61,64.98,66.06,67.33,68.53,69.84,71.00,72.12
10,Estimates,World Bank income groups,,1802,Label/Separator,900,...,...,...,...,...,...,...,...,...,...,...,...,...,...
11,Estimates,High-income countries,h,1503,Income Group,1802,64.88,67.35,68.71,69.69,70.88,72.31,73.62,74.76,75.79,76.95,78.16,79.31,80.29,80.87
12,Estimates,Middle-income countries,h,1517,Income Group,1802,43.32,45.75,47.79,53.18,56.39,58.90,60.91,62.75,63.76,64.87,66.21,67.98,69.95,71.43
13,Estimates,Upper-middle-income countries,h,1502,Income Group,1517,46.52,48.19,49.34,57.11,61.54,64.41,66.18,67.97,68.59,69.57,70.81,72.31,74.06,75.49
14,Estimates,Lower-middle-income countries,h,1501,Income Group,1517,39.79,43.14,46.13,48.96,51.14,53.75,56.23,57.95,59.62,61.10,62.65,64.64,66.67,68.11
15,Estimates,Low-income countries,h,1500,Income Group,1802,35.13,37.85,39.95,42.25,44.55,46.61,48.40,50.11,50.27,51.68,54.11,57.61,61.05,63.44
16,Estimates,No income group available,,1518,Income Group,1802,51.63,55.72,58.85,61.60,63.93,66.18,67.83,70.26,72.22,74.05,75.70,77.05,78.42,79.28
17,Estimates,Geographic regions,i,1840,Label/Separator,900,...,...,...,...,...,...,...,...,...,...,...,...,...,...
18,Estimates,Africa,j,903,Region,1840,37.49,40.04,42.45,44.53,46.61,48.82,50.74,52.09,51.93,52.33,53.53,56.78,60.25,62.66
19,Estimates,Asia,k,935,Region,1840,42.30,44.57,46.49,52.68,56.38,59.19,61.45,63.46,64.98,66.55,68.33,70.03,71.83,73.28
20,Estimates,Europe,l,908,Region,1840,63.69,67.13,69.21,70.05,70.62,71.05,71.66,72.84,72.67,73.11,73.80,75.30,77.18,78.33
21,Estimates,Latin America and the Caribbean,m,904,Region,1840,51.40,54.24,56.79,58.95,61.23,63.33,65.29,67.15,68.96,70.67,72.25,73.45,74.44,75.24
22,Estimates,Northern America,n,905,Region,1840,68.71,69.70,70.20,70.51,71.56,73.35,74.51,75.07,75.85,76.68,77.42,78.44,79.23,79.15
23,Estimates,Oceania,o,909,Region,1840,59.09,61.81,63.40,64.58,66.27,68.16,69.89,71.06,72.58,73.62,74.91,76.25,77.35,78.44
24,Estimates,Sustainable Development Goal (SDG) regions,p,1828,Label/Separator,900,...,...,...,...,...,...,...,...,...,...,...,...,...,...
25,Estimates,SUB-SAHARAN AFRICA,,947,SDG region,1828,36.36,38.61,40.88,42.83,44.91,46.95,48.53,49.56,49.12,49.36,50.55,54.04,57.85,60.52
26,Estimates,Eastern Africa,,910,Subregion,947,37.42,39.99,42.67,44.62,46.34,47.86,48.58,49.39,47.69,49.24,51.46,56.07,60.97,64.15
27,Estimates,Burundi,,108,Country/Area,910,39.03,40.53,42.03,43.53,44.23,46.29,47.28,48.51,47.03,47.32,51.42,55.27,58.92,61.03
28,Estimates,Comoros,,174,Country/Area,910,38.72,40.47,42.47,44.48,46.85,49.06,52.29,55.29,57.82,59.29,59.60,60.89,62.83,63.98
29,Estimates,Djibouti,,262,Country/Area,910,41.04,42.95,45.18,47.35,50.90,52.55,54.67,56.11,57.02,57.02,57.29,59.05,61.56,66.54
30,Estimates,Eritrea,,232,Country/Area,910,34.08,36.68,40.08,42.15,44.12,45.91,47.33,48.69,50.77,53.97,56.70,60.71,63.42,65.74
31,Estimates,Ethiopia,,231,Country/Area,910,34.08,36.68,40.08,42.14,43.52,44.26,43.52,46.15,48.07,50.70,53.61,59.08,63.70,65.97
32,Estimates,Kenya,,404,Country/Area,910,42.57,45.10,48.44,51.12,53.96,56.49,58.83,58.60,55.66,51.77,51.69,58.49,62.92,66.18
33,Estimates,Madagascar,,450,Country/Area,910,36.32,38.75,41.17,43.53,45.97,48.08,49.66,49.91,52.66,56.68,60.03,62.23,64.51,66.49
34,Estimates,Malawi,,454,Country/Area,910,34.85,35.99,37.38,38.59,41.07,43.25,45.12,45.85,46.14,45.55,45.61,51.31,59.56,63.43
35,Estimates,Mauritius,1,480,Country/Area,910,50.20,55.75,61.22,62.95,63.53,65.66,68.12,68.52,70.28,70.39,72.09,72.76,74.15,74.76
36,Estimates,Mayotte,2,175,Country/Area,910,47.26,52.81,57.07,60.71,63.87,66.61,69.02,71.14,73.09,74.86,76.47,77.95,79.34,79.35
37,Estimates,Mozambique,,508,Country/Area,910,35.00,37.99,40.49,40.92,41.91,43.46,43.48,44.35,46.29,47.95,49.88,51.09,54.21,60.05
38,Estimates,R¨¦union,2,638,Country/Area,910,47.86,53.44,57.72,61.38,64.59,67.28,69.64,71.74,73.58,75.28,76.83,78.20,79.54,80.03
39,Estimates,Rwanda,,646,Country/Area,910,40.15,41.75,43.40,44.49,44.95,46.20,50.27,48.70,21.79,45.09,50.41,60.03,65.79,68.44
40,Estimates,Seychelles,,690,Country/Area,910,61.90,62.94,63.92,65.39,67.35,69.24,70.56,70.77,70.74,70.80,71.56,72.60,73.07,73.29
41,Estimates,Somalia,,706,Country/Area,910,33.99,35.99,37.97,39.99,41.91,43.80,45.48,46.38,44.96,49.80,51.49,53.18,54.86,56.94
42,Estimates,South Sudan,,728,Country/Area,910,27.93,30.59,32.73,34.88,36.70,38.68,39.45,41.81,45.32,48.17,50.19,53.28,56.06,57.43
43,Estimates,Uganda,,800,Country/Area,910,40.13,42.91,45.80,48.55,49.56,49.80,49.81,47.53,44.52,44.32,49.02,54.41,59.46,62.76
44,Estimates,United Republic of Tanzania,3,834,Country/Area,910,41.01,42.93,44.22,45.85,47.77,49.81,50.48,50.70,49.67,49.54,52.66,56.29,60.91,64.84
45,Estimates,Zambia,,894,Country/Area,910,43.24,45.54,47.68,49.02,51.19,52.50,52.73,51.85,46.36,43.36,46.01,51.75,59.29,63.26
46,Estimates,Zimbabwe,,716,Country/Area,910,49.68,51.86,54.16,56.23,57.45,58.48,60.76,60.65,54.44,46.97,43.74,45.02,56.71,60.83
47,Estimates,Middle Africa,,911,Subregion,947,37.76,39.37,40.91,42.67,44.81,46.31,47.85,48.86,49.26,48.56,50.55,53.88,56.99,59.36
48,Estimates,Angola,,24,Country/Area,911,35.85,36.89,38.27,40.00,41.82,43.52,44.68,45.34,45.24,45.65,48.05,52.69,57.74,60.54
49,Estimates,Cameroon,,120,Country/Area,911,38.53,40.62,42.99,45.24,47.85,50.46,52.40,53.67,52.60,50.82,51.78,53.97,56.28,58.77
50,Estimates,Central African Republic,,140,Country/Area,911,32.74,35.12,37.45,40.30,44.26,47.95,49.76,49.64,48.12,45.04,44.10,46.00,48.91,52.67
51,Estimates,Chad,,148,Country/Area,911,36.06,37.36,38.70,40.14,42.56,44.08,45.46,46.73,47.18,47.65,47.95,49.51,52.27,53.80
52,Estimates,Congo,,178,Country/Area,911,40.43,44.04,47.21,49.64,51.69,53.40,54.83,55.23,53.72,51.91,53.35,58.18,61.66,64.16
53,Estimates,Democratic Republic of the Congo,,180,Country/Area,911,39.06,40.55,41.63,42.99,44.77,45.63,47.13,48.25,49.59,48.89,51.84,55.48,58.10,60.21
54,Estimates,Equatorial Guinea,,226,Country/Area,911,33.96,35.68,37.38,39.03,40.68,42.31,45.97,47.70,49.93,52.34,53.99,54.90,56.48,58.25
55,Estimates,Gabon,,266,Country/Area,911,36.82,39.04,40.67,45.02,49.20,53.23,57.16,60.55,60.66,59.40,57.62,59.58,63.35,66.06
56,Estimates,Sao Tome and Principe,,678,Country/Area,911,46.73,49.03,51.73,54.04,56.70,59.26,60.01,58.69,58.25,59.90,63.06,66.14,68.49,70.05
57,Estimates,Southern Africa,,913,Subregion,947,44.61,47.23,49.18,51.24,53.84,56.72,59.23,62.05,62.72,58.21,53.04,54.00,60.34,63.28
58,Estimates,Botswana,,72,Country/Area,913,44.90,47.83,50.42,52.65,55.08,57.92,60.12,61.16,56.48,52.68,50.08,55.87,64.41,69.10
59,Estimates,Eswatini,,748,Country/Area,913,40.36,42.59,44.54,46.63,49.87,53.58,57.61,61.18,60.90,52.64,43.63,43.85,50.67,59.31
60,Estimates,Lesotho,,426,Country/Area,913,45.00,47.18,48.50,49.66,51.83,55.04,58.11,59.81,58.58,52.00,44.22,43.07,48.15,53.51
61,Estimates,Namibia,,516,Country/Area,913,40.70,44.53,48.32,51.40,53.88,56.69,58.03,60.69,61.19,55.04,50.64,53.01,60.39,63.02
62,Estimates,South Africa,,710,Country/Area,913,44.83,47.42,49.31,51.37,53.99,56.85,59.36,62.26,63.25,58.97,53.90,54.70,60.95,63.62
63,Estimates,Western Africa,,914,Subregion,947,33.47,35.49,37.65,39.60,41.85,44.44,46.73,47.73,48.27,48.42,49.54,52.56,55.06,57.32
64,Estimates,Benin,,204,Country/Area,914,33.71,36.14,38.41,40.87,43.48,46.22,48.30,51.92,55.14,54.96,56.18,58.56,59.93,61.30
65,Estimates,Burkina Faso,,854,Country/Area,914,30.94,33.29,35.59,38.04,40.27,43.39,48.39,49.48,49.33,49.86,51.61,55.27,58.71,60.92
66,Estimates,Cabo Verde,,132,Country/Area,914,47.57,48.29,49.00,52.04,54.90,60.21,62.11,63.84,65.50,67.11,69.92,70.65,71.53,72.70
67,Estimates,C_te d'Ivoire,,384,Country/Area,914,30.17,33.91,38.27,41.95,46.26,49.73,52.06,53.32,52.66,50.44,49.47,51.42,54.63,57.25
68,Estimates,Gambia,,270,Country/Area,914,30.25,31.55,32.83,35.83,40.10,44.27,48.24,51.38,52.90,54.95,56.94,58.85,60.32,61.54
69,Estimates,Ghana,,288,Country/Area,914,42.17,44.67,46.90,48.62,50.03,51.60,53.06,55.32,57.78,57.00,57.50,60.13,61.82,63.65
70,Estimates,Guinea,,324,Country/Area,914,33.08,34.33,35.38,36.14,37.43,39.89,43.09,47.96,51.32,51.63,51.34,55.55,58.01,61.04
71,Estimates,Guinea-Bissau,,624,Country/Area,914,35.59,36.86,38.17,39.88,41.42,43.14,44.93,46.30,47.91,49.45,51.35,53.31,55.94,57.82
72,Estimates,Liberia,,430,Country/Area,914,32.62,33.74,35.05,37.87,40.93,44.53,46.97,46.62,46.20,50.82,52.77,58.10,60.73,63.60
73,Estimates,Mali,,466,Country/Area,914,26.96,27.98,28.61,30.80,34.20,37.71,41.55,44.51,46.57,46.75,49.96,54.02,56.24,58.71
74,Estimates,Mauritania,,478,Country/Area,914,39.57,42.71,46.16,49.35,51.31,53.53,56.34,58.89,60.15,60.56,60.94,61.91,63.21,64.61
75,Estimates,Niger,,562,Country/Area,914,34.50,34.82,35.29,35.62,36.32,37.76,40.26,42.27,45.01,48.36,51.57,55.34,59.16,61.80
76,Estimates,Nigeria,,566,Country/Area,914,33.81,35.80,38.13,39.97,42.03,44.29,46.02,45.95,45.87,46.00,46.94,49.76,51.95,54.18
77,Estimates,Senegal,,686,Country/Area,914,35.47,37.49,38.62,38.42,40.91,46.50,51.27,56.05,57.59,57.24,58.93,62.55,65.74,67.47
78,Estimates,Sierra Leone,,694,Country/Area,914,28.79,30.73,32.47,34.83,37.32,39.40,40.54,39.72,37.56,37.61,42.03,46.99,51.42,54.07
79,Estimates,Togo,,768,Country/Area,914,35.30,38.66,41.90,45.02,48.07,50.93,53.58,55.41,55.78,53.71,53.88,55.80,59.08,60.53
80,Estimates,NORTHERN AFRICA AND WESTERN ASIA,,1833,SDG region,1828,42.59,46.00,49.06,52.13,54.87,58.10,61.07,64.09,65.97,67.82,69.50,71.07,72.31,73.45
81,Estimates,Northern Africa,,912,Subregion,1833,42.27,45.81,48.59,51.12,53.19,56.27,59.77,62.84,64.62,66.45,67.98,69.77,71.17,72.27
82,Estimates,Algeria,,12,Country/Area,912,42.89,45.00,47.29,49.47,51.49,54.94,61.58,65.87,67.63,69.52,71.83,74.17,75.51,76.59
83,Estimates,Egypt,,818,Country/Area,912,41.13,46.33,49.28,51.57,52.95,56.75,59.89,63.53,65.44,67.97,68.98,69.87,70.83,71.74
84,Estimates,Libya,,434,Country/Area,912,36.67,38.99,46.89,53.32,58.41,62.47,65.57,67.52,69.35,70.43,71.26,72.34,71.74,72.70
85,Estimates,Morocco,,504,Country/Area,912,45.67,47.45,49.52,51.64,53.53,55.75,59.58,63.20,65.98,67.65,69.97,73.41,75.03,76.33
86,Estimates,Sudan,,729,Country/Area,912,44.54,47.08,49.22,51.24,53.06,54.00,54.46,55.14,56.00,57.58,59.46,61.62,63.76,64.95
87,Estimates,Tunisia,,788,Country/Area,912,38.81,40.73,43.74,48.33,54.08,59.37,64.26,67.13,70.32,72.43,73.72,74.63,75.45,76.41
88,Estimates,Western Sahara,,732,Country/Area,912,35.52,37.43,39.31,41.24,43.26,47.56,51.88,56.18,58.72,61.28,63.91,66.20,68.41,69.86
89,Estimates,Western Asia,,922,Subregion,1833,42.99,46.20,49.53,53.15,56.56,59.93,62.36,65.29,67.26,69.12,70.93,72.30,73.41,74.57
90,Estimates,Armenia,,51,Country/Area,922,62.81,64.92,67.03,69.18,70.76,70.60,70.92,68.39,68.06,70.20,72.37,72.74,73.99,74.87
91,Estimates,Azerbaijan,4,31,Country/Area,922,58.42,60.40,61.53,62.63,63.54,63.94,64.43,65.24,64.55,66.25,67.44,70.10,71.57,72.81
92,Estimates,Bahrain,,48,Country/Area,922,42.99,48.48,55.30,61.09,65.37,68.36,70.48,71.83,72.89,73.92,74.92,75.69,76.41,77.10
93,Estimates,Cyprus,5,196,Country/Area,922,66.73,68.74,70.42,71.91,73.18,74.28,75.26,76.15,76.94,77.67,78.34,78.96,79.93,80.75
94,Estimates,Georgia,6,268,Country/Area,922,60.65,62.65,64.65,66.66,68.16,69.64,69.65,70.46,70.11,69.51,70.44,70.75,72.31,73.52
95,Estimates,Iraq,,368,Country/Area,922,37.94,44.92,50.88,56.35,59.51,61.72,58.54,64.14,67.33,69.02,68.77,68.00,69.40,70.37
96,Estimates,Israel,,376,Country/Area,922,68.87,70.04,70.97,71.77,72.57,73.52,74.63,75.94,77.20,78.31,79.56,80.94,81.91,82.74
97,Estimates,Jordan,,400,Country/Area,922,46.49,50.65,54.59,58.38,61.85,64.97,67.25,69.15,70.43,71.28,72.18,73.00,73.81,74.33
98,Estimates,Kuwait,,414,Country/Area,922,53.56,57.40,61.19,64.45,66.78,68.77,70.49,71.69,72.49,72.97,73.32,73.85,74.86,75.33
99,Estimates,Lebanon,,422,Country/Area,922,60.47,62.43,64.01,65.37,66.70,67.59,68.37,69.59,71.10,73.29,75.71,77.78,78.64,78.82
100,Estimates,Oman,,512,Country/Area,922,36.05,40.53,44.71,48.55,52.26,57.38,61.93,65.64,68.51,70.93,73.23,75.06,76.22,77.53
101,Estimates,Qatar,,634,Country/Area,922,55.26,59.20,62.95,66.64,69.47,71.85,73.75,75.20,76.34,77.12,77.83,78.69,79.48,80.02
102,Estimates,Saudi Arabia,,682,Country/Area,922,41.94,44.42,46.99,50.24,55.46,60.66,64.74,67.84,70.11,71.90,73.01,73.46,74.38,74.90
103,Estimates,State of Palestine,7,275,Country/Area,922,46.60,48.23,50.76,54.09,57.44,60.66,64.21,66.95,68.95,70.43,71.53,72.45,73.09,73.82
104,Estimates,Syrian Arab Republic,,760,Country/Area,922,47.60,50.52,53.49,56.85,60.79,64.22,67.18,69.63,71.28,72.54,73.58,74.45,69.87,71.32
105,Estimates,Turkey,,792,Country/Area,922,41.01,43.67,47.21,50.78,53.75,57.05,60.22,63.04,65.49,68.49,71.37,73.37,75.59,77.31
106,Estimates,United Arab Emirates,,784,Country/Area,922,43.86,48.94,54.08,58.86,63.36,66.82,69.35,71.19,72.58,73.76,74.86,75.86,76.79,77.75
107,Estimates,Yemen,,887,Country/Area,922,29.23,29.70,30.66,34.36,39.61,45.28,51.58,56.02,58.19,59.50,62.06,64.71,66.00,66.03
108,Estimates,CENTRAL AND SOUTHERN ASIA,,921,SDG region,1828,37.77,40.94,44.05,47.14,49.78,53.07,55.17,57.33,59.78,61.97,64.00,65.92,68.04,69.48
109,Estimates,Central Asia,,5500,Subregion,921,54.23,56.24,58.24,60.17,61.73,62.81,64.14,65.69,64.54,63.93,65.63,67.45,69.52,71.64
110,Estimates,Kazakhstan,,398,Country/Area,5500,55.08,57.32,59.51,61.66,63.26,64.31,65.89,67.50,65.45,62.96,64.59,66.08,69.07,73.23
111,Estimates,Kyrgyzstan,,417,Country/Area,5500,52.83,55.09,57.35,59.57,61.26,62.40,64.03,66.07,66.25,65.93,66.90,67.47,70.27,71.18
112,Estimates,Tajikistan,,762,Country/Area,5500,48.20,49.81,51.41,52.99,55.05,56.83,57.45,59.86,57.80,60.09,64.08,67.73,69.39,70.77
113,Estimates,Turkmenistan,,795,Country/Area,5500,51.29,53.42,55.52,57.61,59.17,60.22,61.77,62.84,62.70,63.18,64.23,65.87,67.30,67.98
114,Estimates,Uzbekistan,,860,Country/Area,5500,56.07,57.91,59.76,61.62,63.03,64.01,65.30,66.58,66.27,66.72,67.73,69.10,70.23,71.53
115,Estimates,Southern Asia,,5501,Subregion,921,37.33,40.47,43.56,46.66,49.33,52.69,54.82,57.00,59.59,61.89,63.94,65.87,67.98,69.39
116,Estimates,Afghanistan,,4,Country/Area,5501,28.61,31.13,33.74,36.15,38.74,41.63,44.97,48.56,51.96,54.67,57.00,59.63,62.32,64.28
117,Estimates,Bangladesh,,50,Country/Area,5501,40.54,43.86,46.66,48.63,45.81,51.57,53.84,56.70,59.90,64.01,66.60,68.83,70.79,72.15
118,Estimates,Bhutan,,64,Country/Area,5501,32.26,33.78,35.47,38.20,41.06,43.69,47.39,50.98,54.81,58.58,63.19,67.05,69.41,71.28
119,Estimates,India,,356,Country/Area,5501,36.98,39.93,42.94,46.10,49.37,52.51,54.91,56.69,59.12,61.47,63.50,65.53,67.77,69.27
120,Estimates,Iran (Islamic Republic of),,364,Country/Area,5501,40.59,43.50,46.38,49.18,52.67,56.71,52.11,59.97,66.91,69.09,71.15,72.72,75.04,76.35
121,Estimates,Maldives,,462,Country/Area,5501,34.45,36.06,38.92,42.35,46.10,50.57,55.45,59.34,63.77,68.02,72.09,74.81,76.82,78.47
122,Estimates,Nepal,,524,Country/Area,5501,34.53,34.98,36.57,39.44,42.33,45.18,48.52,52.28,56.56,60.50,63.87,66.47,68.61,70.31
123,Estimates,Pakistan,,586,Country/Area,5501,37.45,42.86,47.45,51.11,53.93,55.95,57.70,59.33,60.82,62.16,63.44,64.49,66.02,67.02
124,Estimates,Sri Lanka,,144,Country/Area,5501,54.51,58.30,60.26,62.93,65.14,66.96,69.08,68.91,70.02,69.06,73.90,74.93,75.89,76.73
125,Estimates,EASTERN AND SOUTH-EASTERN ASIA,,1832,SDG region,1828,45.41,47.08,48.02,56.49,61.17,64.11,66.71,68.31,69.20,70.40,71.97,73.44,74.88,76.26
126,Estimates,Eastern Asia,,906,Subregion,1832,45.44,46.69,47.03,57.04,62.84,66.52,68.71,69.89,70.53,71.67,73.45,74.89,76.34,77.76
127,Estimates,China,8,156,Country/Area,906,43.83,44.47,44.55,55.47,61.68,65.51,67.75,68.92,69.37,70.58,72.26,73.68,75.14,76.62
128,Estimates,"China, Hong Kong SAR",9,344,Country/Area,906,63.15,65.88,68.81,70.85,72.49,73.76,75.61,76.96,78.04,79.98,81.41,82.43,83.40,84.63
129,Estimates,"China, Macao SAR",10,446,Country/Area,906,60.98,63.58,66.01,68.12,70.64,73.02,74.82,76.54,78.05,79.75,80.97,82.07,83.29,84.04
130,Estimates,"China, Taiwan Province of China",11,158,Country/Area,906,58.16,62.92,65.01,66.91,69.33,70.78,72.13,73.36,74.42,75.22,76.94,78.20,79.26,80.19
131,Estimates,Dem. People's Republic of Korea,,408,Country/Area,906,37.59,49.88,51.63,57.24,61.73,65.03,67.06,68.59,70.03,63.50,68.06,68.44,70.79,71.96
132,Estimates,Japan,,392,Country/Area,906,62.80,66.40,69.16,71.41,73.28,75.40,77.01,78.53,79.42,80.51,81.80,82.65,83.32,84.43
133,Estimates,Mongolia,,496,Country/Area,906,43.18,46.09,50.73,53.87,56.43,56.85,57.30,59.60,60.77,61.82,64.08,66.14,68.47,69.55
134,Estimates,Republic of Korea,,410,Country/Area,906,41.93,52.87,56.26,59.29,63.10,65.00,67.38,70.34,72.85,74.95,77.17,79.47,81.27,82.77
135,Estimates,South-Eastern Asia,,920,Subregion,1832,45.72,49.24,52.15,54.63,55.83,57.26,61.22,63.53,65.31,66.71,67.91,69.62,71.17,72.46
136,Estimates,Brunei Darussalam,,96,Country/Area,920,50.93,52.48,57.47,61.09,63.89,66.38,68.28,69.54,70.83,72.11,73.46,74.43,75.00,75.66
137,Estimates,Cambodia,,116,Country/Area,920,40.32,41.05,41.39,41.97,37.84,14.49,45.08,52.04,54.27,56.41,60.78,65.12,67.61,69.44
138,Estimates,Indonesia,,360,Country/Area,920,41.76,45.08,48.18,51.05,54.02,56.69,59.21,61.28,63.31,65.15,66.40,68.33,70.01,71.41
139,Estimates,Lao People's Democratic Republic,,418,Country/Area,920,40.93,42.44,43.97,45.48,47.04,48.40,49.89,52.37,54.43,57.38,60.20,62.99,65.49,67.44
140,Estimates,Malaysia,12,458,Country/Area,920,54.95,58.53,61.24,63.45,65.64,67.19,68.99,70.17,71.47,72.14,73.09,74.03,74.96,75.93
141,Estimates,Myanmar,,104,Country/Area,920,36.37,40.93,43.70,47.49,49.84,51.91,53.91,55.98,57.65,59.26,60.87,62.44,64.68,66.76
142,Estimates,Philippines,,608,Country/Area,920,56.49,59.83,62.00,62.94,63.23,63.24,64.27,65.24,67.51,68.64,68.86,69.45,70.23,71.04
143,Estimates,Singapore,,702,Country/Area,920,60.23,64.05,66.44,67.24,69.10,71.03,72.90,74.93,76.69,77.01,79.18,81.22,82.30,83.39
144,Estimates,Thailand,,764,Country/Area,920,50.81,53.30,56.05,58.18,60.66,63.31,65.74,69.77,70.15,70.30,71.22,73.15,75.18,76.83
145,Estimates,Timor-Leste,,626,Country/Area,920,29.97,32.48,34.98,37.49,39.95,31.18,39.92,46.45,50.46,56.68,61.14,66.16,67.67,69.15
146,Estimates,Viet Nam,,704,Country/Area,920,53.50,57.26,60.48,62.33,57.75,66.10,68.05,69.78,71.25,72.52,73.50,74.59,74.96,75.27
147,Estimates,LATIN AMERICA AND THE CARIBBEAN,,1830,SDG region,1828,51.40,54.24,56.79,58.95,61.23,63.33,65.29,67.15,68.96,70.67,72.25,73.45,74.44,75.24
148,Estimates,Caribbean,,915,Subregion,1830,52.11,55.34,58.12,60.62,62.75,64.43,65.51,66.68,67.53,68.74,69.74,70.83,71.63,72.53
149,Estimates,Antigua and Barbuda,,28,Country/Area,915,57.37,60.45,63.30,65.24,66.36,67.67,69.33,70.88,72.11,73.34,74.50,75.46,76.14,76.82
150,Estimates,Aruba,13,533,Country/Area,915,60.44,64.38,66.58,68.22,70.04,71.55,72.87,73.32,73.56,73.69,73.97,74.67,75.37,76.08
151,Estimates,Bahamas,,44,Country/Area,915,63.10,64.28,65.08,65.53,66.29,67.26,67.80,69.31,70.97,71.72,72.00,72.01,72.47,73.73
152,Estimates,Barbados,,52,Country/Area,915,55.60,62.15,66.07,68.05,69.22,71.13,73.19,74.28,75.17,76.56,77.63,78.11,78.60,79.02
153,Estimates,Cuba,,192,Country/Area,915,59.40,62.35,65.35,68.48,70.97,73.09,74.23,74.64,74.78,76.17,77.16,78.11,78.46,78.69
154,Estimates,Cura_ao,13,531,Country/Area,915,60.65,64.34,66.48,68.16,69.91,72.15,73.66,74.44,74.54,74.58,75.00,76.12,77.77,78.63
155,Estimates,Dominican Republic,,214,Country/Area,915,45.99,49.78,53.33,56.56,59.50,61.87,63.77,65.61,67.46,68.78,70.08,71.45,72.62,73.81
156,Estimates,Grenada,,308,Country/Area,915,58.57,61.07,63.26,64.93,66.24,67.47,68.21,68.85,70.49,72.11,72.96,73.08,72.60,72.39
157,Estimates,Guadeloupe,2,312,Country/Area,915,53.34,57.19,60.52,63.64,66.20,68.64,70.82,72.80,74.59,76.27,77.85,79.39,80.56,81.84
158,Estimates,Haiti,,332,Country/Area,915,37.48,40.62,42.75,44.94,47.21,50.07,51.77,53.47,55.03,56.57,57.74,59.65,61.41,63.52
159,Estimates,Jamaica,,388,Country/Area,915,59.55,63.63,65.53,67.22,68.60,70.18,71.32,72.37,73.91,74.13,74.12,74.15,73.98,74.33
160,Estimates,Martinique,2,474,Country/Area,915,55.57,58.88,61.86,64.65,67.26,69.70,71.88,73.86,75.68,77.37,78.94,80.11,81.20,82.27
161,Estimates,Puerto Rico,14,630,Country/Area,915,63.53,67.91,69.13,70.75,72.35,73.54,73.92,74.59,73.85,74.89,76.79,77.94,79.14,79.85
162,Estimates,Saint Lucia,,662,Country/Area,915,50.43,54.57,58.82,62.44,64.71,67.20,68.93,70.39,71.71,72.87,73.71,74.51,75.20,75.99
163,Estimates,Saint Vincent and the Grenadines,,670,Country/Area,915,53.47,57.45,60.76,62.83,64.52,66.44,68.67,70.18,70.74,70.70,71.01,71.64,71.89,72.36
164,Estimates,Trinidad and Tobago,,780,Country/Area,915,58.05,60.94,63.22,64.35,65.04,66.12,66.91,67.75,68.38,68.90,70.05,71.34,72.48,73.31
165,Estimates,United States Virgin Islands,14,850,Country/Area,915,62.90,65.50,66.83,68.30,69.79,71.15,72.30,73.60,74.82,76.08,77.09,77.82,79.41,80.32
166,Estimates,Central America,,916,Subregion,1830,49.11,53.23,56.44,58.59,61.01,63.55,65.89,68.30,70.52,72.23,74.01,74.40,74.59,74.91
167,Estimates,Belize,,84,Country/Area,916,55.92,58.64,61.35,64.26,66.72,68.66,70.35,71.46,70.57,68.59,69.58,70.69,73.40,74.37
168,Estimates,Costa Rica,,188,Country/Area,916,56.00,58.75,61.99,64.61,67.18,70.52,73.45,75.11,76.08,77.04,77.81,78.42,79.16,80.00
169,Estimates,El Salvador,,222,Country/Area,916,44.62,48.13,51.59,53.94,55.76,56.22,57.16,61.57,66.08,68.02,69.57,70.62,71.82,72.99
170,Estimates,Guatemala,,320,Country/Area,916,42.92,45.46,48.01,50.93,53.97,56.19,58.40,60.98,63.60,66.55,68.94,70.50,72.44,73.94
171,Estimates,Honduras,,340,Country/Area,916,41.79,44.59,48.00,51.05,54.09,57.71,61.59,65.45,67.73,69.88,71.36,72.66,73.94,74.99
172,Estimates,Mexico,,484,Country/Area,916,50.69,55.26,58.46,60.29,62.57,65.30,67.72,69.83,71.81,73.34,75.11,75.18,74.94,74.98
173,Estimates,Nicaragua,,558,Country/Area,916,42.31,45.42,48.60,51.84,55.06,57.40,59.40,62.38,66.10,68.35,70.53,71.73,73.10,74.15
174,Estimates,Panama,,591,Country/Area,916,56.81,59.51,62.15,64.36,66.74,69.22,70.99,72.37,73.54,74.60,75.49,76.31,77.29,78.24
175,Estimates,South America,,931,Subregion,1830,52.13,54.46,56.75,58.88,61.13,63.11,65.03,66.81,68.59,70.32,71.90,73.40,74.68,75.63
176,Estimates,Argentina,,32,Country/Area,931,62.57,64.58,65.30,65.83,67.27,68.71,70.20,71.05,72.16,73.12,74.02,74.87,75.68,76.45
177,Estimates,Bolivia (Plurinational State of),,68,Country/Area,931,39.64,41.04,42.67,44.54,46.67,49.07,51.71,54.59,57.66,60.89,63.94,66.62,69.26,71.08
178,Estimates,Brazil,,76,Country/Area,931,50.83,52.95,55.38,57.80,59.94,61.77,63.50,65.35,67.34,69.25,70.96,72.80,74.34,75.56
179,Estimates,Chile,,152,Country/Area,931,54.58,56.31,58.25,60.76,63.89,67.33,70.53,72.68,74.22,75.66,77.02,78.19,79.29,79.96
180,Estimates,Colombia,,170,Country/Area,931,51.83,55.74,58.55,60.94,63.35,65.67,68.03,69.39,70.19,72.13,73.65,74.83,75.99,77.02
181,Estimates,Ecuador,,218,Country/Area,931,48.59,51.52,54.39,56.91,59.51,62.09,64.96,67.69,69.98,71.87,73.53,74.59,75.59,76.70
182,Estimates,French Guiana,2,254,Country/Area,931,53.32,56.14,59.53,64.37,65.73,66.54,69.20,71.06,72.75,74.24,76.29,78.04,79.31,79.73
183,Estimates,Guyana,,328,Country/Area,931,58.83,59.81,60.69,61.55,61.96,62.31,62.68,62.98,63.69,64.56,66.00,67.37,68.69,69.71
184,Estimates,Paraguay,,600,Country/Area,931,62.73,63.30,64.47,65.04,65.73,66.56,67.45,68.02,69.11,69.94,71.17,72.13,73.16,74.08
185,Estimates,Peru,,604,Country/Area,931,44.11,46.44,49.64,52.22,56.15,58.84,61.67,64.62,67.63,70.03,72.06,73.66,75.11,76.41
186,Estimates,Suriname,,740,Country/Area,931,55.98,58.68,60.51,62.12,63.63,64.77,66.32,67.15,67.62,67.82,68.06,69.82,70.93,71.49
187,Estimates,Uruguay,,858,Country/Area,931,66.11,67.11,68.34,68.55,68.77,69.59,70.98,72.12,73.03,74.23,75.23,76.38,77.05,77.70
188,Estimates,Venezuela (Bolivarian Republic of),,862,Country/Area,931,55.47,58.40,61.18,63.60,66.15,67.84,69.14,70.21,71.03,71.62,72.57,72.99,73.07,72.13
189,Estimates,AUSTRALIA/NEW ZEALAND,,927,SDG region,1828,69.45,70.47,70.93,70.92,71.76,73.41,74.85,75.88,77.46,78.63,80.12,81.28,82.19,83.01
190,Estimates,Australia,15,36,Country/Area,927,69.39,70.43,70.88,70.84,71.76,73.59,75.09,76.19,77.69,78.84,80.34,81.48,82.36,83.20
191,Estimates,New Zealand,16,554,Country/Area,927,69.77,70.69,71.18,71.27,71.78,72.63,73.77,74.45,76.35,77.57,79.07,80.32,81.32,82.06
192,Estimates,OCEANIA (EXCLUDING AUSTRALIA AND NEW ZEALAND),,1835,SDG region,1828,38.26,42.08,45.13,48.51,51.71,54.72,57.26,58.76,60.15,61.33,62.39,63.71,64.99,66.29
193,Estimates,Melanesia,,928,Subregion,1835,36.56,40.35,43.47,46.97,50.34,53.55,56.17,57.67,59.07,60.29,61.35,62.72,64.07,65.39
194,Estimates,Fiji,,242,Country/Area,928,55.47,59.58,61.54,62.48,62.51,63.47,64.51,65.39,65.24,65.22,66.19,66.38,66.95,67.27
195,Estimates,New Caledonia,2,540,Country/Area,928,50.74,54.60,58.03,61.04,63.69,66.02,68.07,69.88,71.45,72.87,74.11,75.18,76.33,77.28
196,Estimates,Papua New Guinea,,598,Country/Area,928,34.05,37.46,40.44,44.07,47.74,51.16,54.03,55.63,57.32,58.74,59.80,61.32,62.73,64.15
197,Estimates,Solomon Islands,,90,Country/Area,928,41.94,46.07,50.16,54.14,58.14,61.33,63.21,64.06,64.79,66.49,68.38,69.89,71.43,72.77
198,Estimates,Vanuatu,,548,Country/Area,928,45.04,47.70,50.28,53.12,55.77,58.52,61.35,63.79,65.48,66.76,67.90,68.74,69.49,70.25
199,Estimates,Micronesia,,954,Subregion,1835,51.51,53.58,55.76,57.91,59.96,61.74,63.29,64.79,66.31,67.90,69.49,70.62,71.82,73.14
200,Estimates,Guam,14,316,Country/Area,954,57.13,59.67,62.24,64.57,66.66,68.45,70.00,71.34,72.54,74.09,75.92,77.36,78.50,79.77
201,Estimates,Kiribati,,296,Country/Area,954,43.63,45.90,48.30,51.08,53.42,55.24,56.70,58.55,60.69,62.31,63.90,65.04,66.54,67.99
202,Estimates,Micronesia (Fed. States of),,583,Country/Area,954,51.30,53.42,55.62,57.80,59.85,61.70,62.76,63.29,63.89,64.23,64.98,66.02,66.89,67.70
203,Estimates,Polynesia,17,957,Subregion,1835,53.31,56.68,58.52,60.30,62.11,63.82,66.13,67.52,68.64,69.81,71.16,72.56,73.67,74.73
204,Estimates,French Polynesia,2,258,Country/Area,957,48.94,54.86,57.11,59.28,61.04,62.85,66.29,67.98,69.46,71.43,73.15,74.99,76.14,77.38
205,Estimates,Samoa,,882,Country/Area,957,54.47,56.17,57.61,59.11,60.78,62.58,64.48,65.77,66.76,67.86,69.67,71.00,72.25,73.11
206,Estimates,Tonga,,776,Country/Area,957,56.96,58.93,60.87,63.03,64.86,66.27,67.46,68.56,69.18,69.47,69.83,69.86,70.31,70.74
207,Estimates,EUROPE AND NORTHERN AMERICA,,1829,SDG region,1828,64.97,67.82,69.48,70.17,70.85,71.61,72.36,73.41,73.50,74.07,74.79,76.16,77.75,78.53
208,Estimates,EUROPE,,917,SDG subregion,1829,63.69,67.13,69.21,70.05,70.62,71.05,71.66,72.84,72.67,73.11,73.80,75.30,77.18,78.33
209,Estimates,Eastern Europe,,923,Subregion,917,60.36,65.52,68.40,69.04,69.16,68.75,68.64,69.80,68.30,67.84,67.91,69.52,72.19,73.75
210,Estimates,Belarus,,112,Country/Area,923,60.69,66.31,69.10,70.36,70.52,70.42,70.15,71.37,69.45,67.44,67.83,69.26,72.45,74.49
211,Estimates,Bulgaria,,100,Country/Area,923,62.32,66.77,70.27,70.90,71.07,71.10,71.24,71.40,71.12,70.97,72.20,73.14,74.25,74.85
212,Estimates,Czechia,,203,Country/Area,923,66.87,69.58,70.35,69.98,70.04,70.63,70.78,71.45,72.49,74.22,75.53,76.99,78.16,79.15
213,Estimates,Hungary,,348,Country/Area,923,64.01,66.91,68.79,69.45,69.40,69.59,69.08,69.43,69.41,70.88,72.53,73.74,75.25,76.63
214,Estimates,Poland,,616,Country/Area,923,61.44,65.89,68.31,69.79,70.29,70.36,70.70,70.73,71.15,72.72,74.60,75.56,77.15,78.46
215,Estimates,Republic of Moldova,18,498,Country/Area,923,59.04,61.07,62.87,64.64,65.18,65.16,65.10,67.53,67.30,66.61,67.62,68.27,70.97,71.68
216,Estimates,Romania,,642,Country/Area,923,61.14,63.29,67.78,67.34,69.03,69.59,69.73,69.52,69.61,69.71,71.47,73.08,74.94,75.83
217,Estimates,Russian Federation,,643,Country/Area,923,58.52,64.80,67.88,68.48,68.31,67.57,67.47,69.13,66.58,65.70,64.95,67.14,70.27,72.29
218,Estimates,Slovakia,,703,Country/Area,923,64.43,68.65,70.63,70.32,70.07,70.48,70.63,70.96,71.60,72.74,73.82,74.77,76.23,77.31
219,Estimates,Ukraine,19,804,Country/Area,923,61.82,67.10,69.69,70.67,70.58,69.67,69.17,70.55,68.72,67.35,67.46,67.89,70.91,71.82
220,Estimates,Northern Europe,,924,Subregion,917,68.87,70.49,71.17,71.86,72.36,73.04,74.05,74.92,75.66,76.66,77.93,79.16,80.47,81.02
221,Estimates,Channel Islands,20,830,Country/Area,924,69.23,70.46,70.92,71.60,72.07,72.86,74.04,74.94,76.08,78.32,79.62,80.93,81.97,82.84
222,Estimates,Denmark,21,208,Country/Area,924,71.06,72.07,72.40,72.93,73.63,74.24,74.44,74.75,75.23,76.14,77.34,78.58,80.14,80.68
223,Estimates,Estonia,,233,Country/Area,924,61.79,66.94,69.38,70.32,70.26,69.42,69.31,70.33,68.48,69.44,71.59,73.78,76.76,78.46
224,Estimates,Finland,22,246,Country/Area,924,66.40,68.19,69.07,69.72,70.94,72.72,74.33,74.79,75.84,77.14,78.40,79.54,80.70,81.64
225,Estimates,Iceland,,352,Country/Area,924,72.24,73.22,73.51,73.65,74.20,76.33,76.85,77.61,78.53,79.10,80.69,81.39,82.19,82.77
226,Estimates,Ireland,,372,Country/Area,924,66.88,69.14,70.12,70.75,71.23,72.00,73.18,74.22,75.35,76.04,77.84,79.68,80.61,82.05
227,Estimates,Latvia,,428,Country/Area,924,62.40,67.58,70.09,70.48,69.98,68.91,69.07,70.41,67.66,68.70,70.75,71.55,74.13,75.05
228,Estimates,Lithuania,,440,Country/Area,924,60.83,66.87,69.88,71.29,71.19,70.67,70.53,71.57,69.73,70.27,71.64,71.87,73.99,75.65
229,Estimates,Norway,23,578,Country/Area,924,72.80,73.48,73.47,73.91,74.43,75.30,76.01,76.28,77.29,78.29,79.33,80.60,81.61,82.18
230,Estimates,Sweden,,752,Country/Area,924,71.86,72.89,73.50,74.12,74.79,75.34,76.40,77.16,78.17,79.30,80.13,81.06,81.92,82.57
231,Estimates,United Kingdom,24,826,Country/Area,924,69.41,70.61,71.04,71.71,72.21,73.01,74.19,75.14,76.24,77.17,78.41,79.69,80.87,81.15
232,Estimates,Southern Europe,,925,Subregion,917,63.75,66.26,68.24,69.79,71.31,72.74,74.08,75.31,76.22,77.48,78.75,80.03,81.16,82.07
233,Estimates,Albania,,8,Country/Area,925,55.26,59.31,64.85,66.24,67.69,69.70,70.61,71.98,71.69,73.03,74.82,75.64,77.49,78.38
234,Estimates,Bosnia and Herzegovina,,70,Country/Area,925,53.67,58.46,61.93,64.73,67.56,69.88,70.73,71.96,70.13,73.60,74.81,75.53,76.52,77.18
235,Estimates,Croatia,,191,Country/Area,925,61.27,63.64,65.73,67.48,69.06,69.92,70.60,71.89,72.81,74.57,74.94,76.10,77.45,78.25
236,Estimates,Greece,,300,Country/Area,925,65.75,67.17,69.25,70.13,71.83,72.85,74.52,75.66,77.38,78.08,79.12,80.01,81.08,81.98
237,Estimates,Italy,,380,Country/Area,925,66.52,68.44,69.69,70.94,72.22,73.55,74.88,76.38,77.47,78.80,80.29,81.51,82.36,83.28
238,Estimates,Malta,,470,Country/Area,925,65.82,68.77,69.80,70.78,71.91,72.73,73.70,76.03,77.60,78.60,79.47,80.29,81.45,82.29
239,Estimates,Montenegro,,499,Country/Area,925,59.77,62.11,65.60,68.35,71.27,72.53,73.63,74.23,74.73,73.39,73.39,74.19,76.08,76.65
240,Estimates,North Macedonia,,807,Country/Area,925,54.90,58.96,62.12,65.02,67.31,68.45,68.91,70.67,71.54,72.65,73.78,74.17,75.16,75.60
241,Estimates,Portugal,,620,Country/Area,925,60.32,62.36,64.45,66.36,68.33,70.41,72.53,74.04,74.90,76.00,77.59,79.28,80.62,81.75
242,Estimates,Serbia,25,688,Country/Area,925,59.12,61.60,64.26,66.72,68.53,69.54,70.20,71.14,71.74,71.91,72.31,73.44,74.75,75.77
243,Estimates,Slovenia,,705,Country/Area,925,65.61,67.89,69.15,69.19,69.82,70.98,71.23,72.68,73.74,75.26,76.65,78.55,80.14,81.08
244,Estimates,Spain,26,724,Country/Area,925,64.59,67.74,69.91,71.38,72.66,74.41,76.11,76.86,77.63,78.78,79.91,81.22,82.51,83.36
245,Estimates,Western Europe,,926,Subregion,917,67.81,69.40,70.51,71.15,71.85,73.03,74.24,75.55,76.58,77.78,78.99,80.23,81.09,81.72
246,Estimates,Austria,,40,Country/Area,926,66.54,68.02,69.66,70.14,70.80,72.14,73.28,75.00,76.15,77.53,78.92,80.13,80.99,81.35
247,Estimates,Belgium,,56,Country/Area,926,67.81,69.46,70.30,70.71,71.50,72.66,73.91,75.27,76.40,77.39,78.38,79.57,80.52,81.39
248,Estimates,France,27,250,Country/Area,926,67.27,69.39,70.75,71.46,72.43,73.66,74.77,76.13,77.35,78.45,79.60,80.95,81.94,82.46
249,Estimates,Germany,,276,Country/Area,926,67.52,68.91,69.98,70.67,71.15,72.30,73.65,74.99,75.98,77.31,78.62,79.73,80.45,81.10
250,Estimates,Luxembourg,,442,Country/Area,926,65.98,67.54,69.12,69.78,70.25,71.44,72.88,74.50,75.77,76.99,78.32,79.51,81.15,82.00
251,Estimates,Netherlands,28,528,Country/Area,926,71.93,72.94,73.46,73.64,74.11,75.17,76.14,76.72,77.26,77.84,78.67,80.18,81.31,82.06
252,Estimates,Switzerland,,756,Country/Area,926,69.34,70.71,71.59,72.58,73.71,75.19,76.09,77.23,77.93,79.23,80.49,81.78,82.69,83.56
253,Estimates,NORTHERN AMERICA,,918,SDG subregion,1829,68.71,69.70,70.20,70.51,71.56,73.35,74.51,75.07,75.85,76.68,77.42,78.44,79.23,79.15
254,Estimates,Canada,,124,Country/Area,918,69.05,70.32,71.35,72.15,73.01,74.31,75.86,76.83,77.75,78.58,79.69,80.76,81.79,82.22
255,Estimates,United States of America,29,840,Country/Area,918,68.71,69.66,70.11,70.36,71.43,73.25,74.37,74.89,75.65,76.47,77.18,78.19,78.94,78.81